{
  "flight_duration": {
    "mean": 19964.132207391263,
    "std": 12493.286889060197
  },
  "altitude": {
    "mean": 9736.427326818572,
    "std": 2989.714446715088
  },
  "groundspeed": {
    "mean": 220.10016953095422,
    "std": 36.03128730258322
  },
  "vertical_rate": {
    "mean": -0.19461464418443103,
    "std": 4.13644848023116
  },
  "track_rate": {
    "mean": 0.0003054456103016236,
    "std": 0.0007445882354270037
  },
  "wind_dot_ground": {
    "mean": 0,
    "std": 3488.910079784836
  },
  "flight_progress": {
    "mean": 0.5300619371827902,
    "std": 0.3092722134678713
  }
}