{
  "time_since_takeoff": {
    "mean": 9692.22440191111,
    "std": 9584.966150263159
  },
  "time_till_arrival": {
    "mean": 7588.386210371905,
    "std": 6734.573701266389
  },
  "altitude": {
    "mean": 9741.342138881895,
    "std": 2982.2076070585013
  },
  "groundspeed": {
    "mean": 220.22993425753288,
    "std": 35.859427839936814
  },
  "vertical_rate": {
    "mean": -0.19754115974365066,
    "std": 4.15322768366466
  }
}