{
  "time_since_takeoff": {
    "mean": 9612.550563797644,
    "std": 9498.104333344927
  },
  "time_till_arrival": {
    "mean": 7564.355861648462,
    "std": 6704.127708817206
  },
  "altitude": {
    "mean": 9738.271942693278,
    "std": 2986.429112021896
  },
  "groundspeed": {
    "mean": 220.12374707872254,
    "std": 36.151022898314935
  },
  "vertical_rate": {
    "mean": -0.18317477920862185,
    "std": 4.143453255512773
  },
  "sqrt_density_ratio": {
    "mean": 0.5933425246805256,
    "std": 0.11934906283505414
  },
  "sin_gamma": {
    "mean": -0.0011931428610300321,
    "std": 0.023530181329025963
  }
}