{
  "time_since_takeoff": {
    "mean": 9614.917281213422,
    "std": 9499.226655716768
  },
  "altitude": {
    "mean": 31957.443055887336,
    "std": 9790.1093543887
  },
  "groundspeed": {
    "mean": 427.96190189951886,
    "std": 70.08994303131777
  },
  "vertical_rate": {
    "mean": -36.06991043350765,
    "std": 815.8056958437695
  }
}