{
  "time_since_takeoff": {
    "mean": 9696.708109629355,
    "std": 9627.880661349827
  },
  "time_till_arrival": {
    "mean": 7602.305606767613,
    "std": 6798.3213553692985
  },
  "altitude": {
    "mean": 9724.732441858792,
    "std": 2991.440928687508
  },
  "groundspeed": {
    "mean": 219.78595098373518,
    "std": 36.00025967355851
  },
  "vertical_rate": {
    "mean": -0.19824379393629077,
    "std": 4.1600867985929515
  }
}