{
  "time_since_takeoff": {
    "mean": 9614.917281213422,
    "std": 9499.226655716768
  },
  "time_till_arrival": {
    "mean": 7565.374006725577,
    "std": 6704.798718587533
  },
  "altitude": {
    "mean": 9740.127278415337,
    "std": 2983.910711598469
  },
  "groundspeed": {
    "mean": 220.1623545812425,
    "std": 36.05900648785492
  },
  "vertical_rate": {
    "mean": -0.18293864976937593,
    "std": 4.1412815291775145
  },
  "vertical_accel": {
    "mean": -0.0014650510638859362,
    "std": 0.08654368752084476
  },
  "groundspeed_rate": {
    "mean": -0.0034228525256491675,
    "std": 0.10911332916055255
  }
}