{
  "time_since_takeoff": {
    "mean": 9614.917281213422,
    "std": 9499.226655716768
  },
  "altitude": {
    "mean": 9740.628643434338,
    "std": 2984.025331217663
  },
  "groundspeed": {
    "mean": 220.16262286608077,
    "std": 36.057381803888816
  },
  "vertical_rate": {
    "mean": -0.18323514500222424,
    "std": 4.144292934886338
  }
}