{
  "time_since_takeoff": {
    "mean": 9612.550563797644,
    "std": 9498.104333344927
  },
  "time_till_arrival": {
    "mean": 7564.355861648462,
    "std": 6704.127708817206
  },
  "altitude": {
    "mean": 9738.271942693278,
    "std": 2986.429112021896
  },
  "groundspeed": {
    "mean": 220.12374707872254,
    "std": 36.151022898314935
  },
  "vertical_rate": {
    "mean": -0.18317477920862185,
    "std": 4.143453255512773
  },
  "vertical_accel": {
    "mean": -0.0013712892708226765,
    "std": 0.0869895745532654
  },
  "groundspeed_rate": {
    "mean": -0.003274211216183297,
    "std": 0.09706080184929756
  }
}