{
  "time_since_takeoff": {
    "mean": 9612.550563797644,
    "std": 9498.104333344927
  },
  "time_till_arrival": {
    "mean": 7564.355861648462,
    "std": 6704.127708817206
  },
  "altitude": {
    "mean": 9738.271942693278,
    "std": 2986.429112021896
  },
  "groundspeed": {
    "mean": 220.16939054562374,
    "std": 35.994839351698026
  },
  "vertical_rate": {
    "mean": -0.18317477920862185,
    "std": 4.143453255512773
  }
}